{"loss": [1.383316993713379, 0.46050649881362915, 0.27438271045684814, 0.1919095665216446, 0.14382030069828033, 0.10911387950181961, 0.09041441231966019, 0.07223466783761978, 0.06613525748252869, 0.05675649642944336], "accuracy": [0.5932854413986206, 0.854584276676178, 0.911117434501648, 0.9370794296264648, 0.9523863792419434, 0.9648196697235107, 0.970339298248291, 0.9760011434555054, 0.9782630205154419, 0.9812788963317871], "val_loss": [0.49988195300102234, 0.3088783025741577, 0.19659075140953064, 0.19585761427879333, 0.14520566165447235, 0.15508708357810974, 0.1541166752576828, 0.1610526144504547, 0.11006032675504684, 0.10805267095565796], "val_accuracy": [0.8416230082511902, 0.899897575378418, 0.9366036653518677, 0.9371158480644226, 0.9532210230827332, 0.9516844749450684, 0.954757571220398, 0.9537901282310486, 0.9678465723991394, 0.9719439744949341]}